,title
0,citrus 시트러스
1,바른쀼생활
2,바퀴멘터리
3,커튼콜 아래그랑
4,러브 포엠
5,BJ 알렉스[개정판]
6,이토록 다채로운 핏빛
7,안나 이야기
8,아스란히
9,꼴데툰 2021
10,주먹꾹
11,모모세 헬프!!
12,사랑이라 생각하지 않아
13,사람의 사이로
14,사랑은 개싸움!
15,미성년
16,오타쿠에게 사랑은 어려워
17,4컷용사
18,교화하라
19,"시선 끝, 30도"
20,레그널 트리거
21,조만국박람회
22,안티피티[개정판]
23,인시크릿[개정판]
24,나의 수하[개정판]
25,러브 오어 헤이트[개정판]
26,잘 자 내 꿈 꿔
27,용의 아들 최창식
28,울프 인더 하우스[개정판]
29,노라줘요 -우리 집 웰시코기 이야기-
30,그렇게 내가 싫다면[개정판]
31,신데렐라 리미트
32,보름달 식당
33,연화
34,소꿉친구가 자꾸 괴롭혀!
35,Teach Me!
36,LOVE WINS
37,타치바나 백작
38,차린 건 없지만
39,머쉬룸 스프
40,왓치가이
41,배달부들
42,킹스메이커
43,피장파장의 오류
44,국제결혼 절대로 하지 마라
45,달의 상자
46,삐딱한 기억 사전
47,바람
48,풀스 리마스터
49,니 친구 김저키
50,주인의 사정[개정판]
51,4와 2분의 1 정거장
52,1미터 사이
53,살맛 : 전생에 나라를 구했습니다[개정판]
54,꽃점 봐 드립니다
55,세상에 없는 이웃
56,비 갠 뒤 우리들을 따라
57,"오늘, 그 녀석（♂）에게 심쿵한 날"
58,한여름 밤의 꿈
59,바리데기 별자국
60,일어나서 사랑을 시작해
61,돌아올 땐 해일같이
62,집사랑
63,바나나툰
64,이름 없는 가게
65,구최애로부터 비밀을 사수하라!
66,히어로즈 플랜비
67,방과후에 3
68,소년이 소년에게
69,런웨이는 거짓말로 시작된다
70,아르카나 판타지
71,헌터의 약혼자로 살아남기
72,전설의 과학도들
73,레바툰
74,매드 독
75,하루종일 조아영
76,나는 너의 귀여운 카피캣!
77,라온의 남자
78,친하게 지내자
79,연필의 각도
80,천사의 용도
81,에로만화부!
82,삼국지 가후전 R
83,블랙보이
84,2주간 재워주세요
85,A와 B의 초상
86,나와 호랑이님
87,황룡전 [개정판]
88,제 3 경호팀
89,사랑이라 하기엔 기분 나빠
90,조만국의 영화캠프
91,마들레느가 9번지
92,심펭져스
93,클라우드
94,불멸의 날들
95,메리 고 라운드
96,백억년을 자는 남자
97,BJ 엘프의 요리 채널
98,내가 원하는 건
99,데우스 바드 마키나 2 : 선택받은 잡것
100,무명의 등불
101,최강! 중2병 그녀
102,작전본부: 우리 집
103,천지해
104,정당한 기만
105,부랄친구
106,여우비 내리는 날에
107,명동젠틀맨
108,아버지의 집밥
109,달토끼와 안드로이드
110,타임라인
111,펀칭머신
112,기절소녀 하나미!
113,제5열 Born to kill
114,데스크레센도
115,안아줄게 (Burn It)
116,상상당 한의원
117,박씨유대기
118,표준규격전사
119,던전 속 사정[개정판]
120,지젤 씨의 피[개정판]
121,포젯션
122,FREAK-QUENCY : 프릭-퀀시
123,"튀어나왔어요, BL만화!"
124,도깨비도 수풀이 있어야 모인다[개정판]
125,비 마이 게스트[개정판]
